job_id,run_type,framework,config_path,diseaseTransmissionChance,diseaseTagStringLength,agentImmuneSystemLength,diseaseSugarMetabolismPenalty
1,baseline,none,configs/none_baseline.config,,,,
2,disease,none,configs/none_t0.3_tag5_imm10_pen0.config,0.3,5,10,0
3,disease,none,configs/none_t0.3_tag5_imm10_pen2.config,0.3,5,10,2
4,disease,none,configs/none_t0.3_tag5_imm10_pen5.config,0.3,5,10,5
5,disease,none,configs/none_t0.3_tag5_imm35_pen0.config,0.3,5,35,0
6,disease,none,configs/none_t0.3_tag5_imm35_pen2.config,0.3,5,35,2
7,disease,none,configs/none_t0.3_tag5_imm35_pen5.config,0.3,5,35,5
8,disease,none,configs/none_t0.3_tag5_imm60_pen0.config,0.3,5,60,0
9,disease,none,configs/none_t0.3_tag5_imm60_pen2.config,0.3,5,60,2
10,disease,none,configs/none_t0.3_tag5_imm60_pen5.config,0.3,5,60,5
11,disease,none,configs/none_t0.3_tag13_imm10_pen0.config,0.3,13,10,0
12,disease,none,configs/none_t0.3_tag13_imm10_pen2.config,0.3,13,10,2
13,disease,none,configs/none_t0.3_tag13_imm10_pen5.config,0.3,13,10,5
14,disease,none,configs/none_t0.3_tag13_imm35_pen0.config,0.3,13,35,0
15,disease,none,configs/none_t0.3_tag13_imm35_pen2.config,0.3,13,35,2
16,disease,none,configs/none_t0.3_tag13_imm35_pen5.config,0.3,13,35,5
17,disease,none,configs/none_t0.3_tag13_imm60_pen0.config,0.3,13,60,0
18,disease,none,configs/none_t0.3_tag13_imm60_pen2.config,0.3,13,60,2
19,disease,none,configs/none_t0.3_tag13_imm60_pen5.config,0.3,13,60,5
20,disease,none,configs/none_t0.3_tag21_imm10_pen0.config,0.3,21,10,0
21,disease,none,configs/none_t0.3_tag21_imm10_pen2.config,0.3,21,10,2
22,disease,none,configs/none_t0.3_tag21_imm10_pen5.config,0.3,21,10,5
23,disease,none,configs/none_t0.3_tag21_imm35_pen0.config,0.3,21,35,0
24,disease,none,configs/none_t0.3_tag21_imm35_pen2.config,0.3,21,35,2
25,disease,none,configs/none_t0.3_tag21_imm35_pen5.config,0.3,21,35,5
26,disease,none,configs/none_t0.3_tag21_imm60_pen0.config,0.3,21,60,0
27,disease,none,configs/none_t0.3_tag21_imm60_pen2.config,0.3,21,60,2
28,disease,none,configs/none_t0.3_tag21_imm60_pen5.config,0.3,21,60,5
29,disease,none,configs/none_t0.6_tag5_imm10_pen0.config,0.6,5,10,0
30,disease,none,configs/none_t0.6_tag5_imm10_pen2.config,0.6,5,10,2
31,disease,none,configs/none_t0.6_tag5_imm10_pen5.config,0.6,5,10,5
32,disease,none,configs/none_t0.6_tag5_imm35_pen0.config,0.6,5,35,0
33,disease,none,configs/none_t0.6_tag5_imm35_pen2.config,0.6,5,35,2
34,disease,none,configs/none_t0.6_tag5_imm35_pen5.config,0.6,5,35,5
35,disease,none,configs/none_t0.6_tag5_imm60_pen0.config,0.6,5,60,0
36,disease,none,configs/none_t0.6_tag5_imm60_pen2.config,0.6,5,60,2
37,disease,none,configs/none_t0.6_tag5_imm60_pen5.config,0.6,5,60,5
38,disease,none,configs/none_t0.6_tag13_imm10_pen0.config,0.6,13,10,0
39,disease,none,configs/none_t0.6_tag13_imm10_pen2.config,0.6,13,10,2
40,disease,none,configs/none_t0.6_tag13_imm10_pen5.config,0.6,13,10,5
41,disease,none,configs/none_t0.6_tag13_imm35_pen0.config,0.6,13,35,0
42,disease,none,configs/none_t0.6_tag13_imm35_pen2.config,0.6,13,35,2
43,disease,none,configs/none_t0.6_tag13_imm35_pen5.config,0.6,13,35,5
44,disease,none,configs/none_t0.6_tag13_imm60_pen0.config,0.6,13,60,0
45,disease,none,configs/none_t0.6_tag13_imm60_pen2.config,0.6,13,60,2
46,disease,none,configs/none_t0.6_tag13_imm60_pen5.config,0.6,13,60,5
47,disease,none,configs/none_t0.6_tag21_imm10_pen0.config,0.6,21,10,0
48,disease,none,configs/none_t0.6_tag21_imm10_pen2.config,0.6,21,10,2
49,disease,none,configs/none_t0.6_tag21_imm10_pen5.config,0.6,21,10,5
50,disease,none,configs/none_t0.6_tag21_imm35_pen0.config,0.6,21,35,0
51,disease,none,configs/none_t0.6_tag21_imm35_pen2.config,0.6,21,35,2
52,disease,none,configs/none_t0.6_tag21_imm35_pen5.config,0.6,21,35,5
53,disease,none,configs/none_t0.6_tag21_imm60_pen0.config,0.6,21,60,0
54,disease,none,configs/none_t0.6_tag21_imm60_pen2.config,0.6,21,60,2
55,disease,none,configs/none_t0.6_tag21_imm60_pen5.config,0.6,21,60,5
56,disease,none,configs/none_t1.0_tag5_imm10_pen0.config,1.0,5,10,0
57,disease,none,configs/none_t1.0_tag5_imm10_pen2.config,1.0,5,10,2
58,disease,none,configs/none_t1.0_tag5_imm10_pen5.config,1.0,5,10,5
59,disease,none,configs/none_t1.0_tag5_imm35_pen0.config,1.0,5,35,0
60,disease,none,configs/none_t1.0_tag5_imm35_pen2.config,1.0,5,35,2
61,disease,none,configs/none_t1.0_tag5_imm35_pen5.config,1.0,5,35,5
62,disease,none,configs/none_t1.0_tag5_imm60_pen0.config,1.0,5,60,0
63,disease,none,configs/none_t1.0_tag5_imm60_pen2.config,1.0,5,60,2
64,disease,none,configs/none_t1.0_tag5_imm60_pen5.config,1.0,5,60,5
65,disease,none,configs/none_t1.0_tag13_imm10_pen0.config,1.0,13,10,0
66,disease,none,configs/none_t1.0_tag13_imm10_pen2.config,1.0,13,10,2
67,disease,none,configs/none_t1.0_tag13_imm10_pen5.config,1.0,13,10,5
68,disease,none,configs/none_t1.0_tag13_imm35_pen0.config,1.0,13,35,0
69,disease,none,configs/none_t1.0_tag13_imm35_pen2.config,1.0,13,35,2
70,disease,none,configs/none_t1.0_tag13_imm35_pen5.config,1.0,13,35,5
71,disease,none,configs/none_t1.0_tag13_imm60_pen0.config,1.0,13,60,0
72,disease,none,configs/none_t1.0_tag13_imm60_pen2.config,1.0,13,60,2
73,disease,none,configs/none_t1.0_tag13_imm60_pen5.config,1.0,13,60,5
74,disease,none,configs/none_t1.0_tag21_imm10_pen0.config,1.0,21,10,0
75,disease,none,configs/none_t1.0_tag21_imm10_pen2.config,1.0,21,10,2
76,disease,none,configs/none_t1.0_tag21_imm10_pen5.config,1.0,21,10,5
77,disease,none,configs/none_t1.0_tag21_imm35_pen0.config,1.0,21,35,0
78,disease,none,configs/none_t1.0_tag21_imm35_pen2.config,1.0,21,35,2
79,disease,none,configs/none_t1.0_tag21_imm35_pen5.config,1.0,21,35,5
80,disease,none,configs/none_t1.0_tag21_imm60_pen0.config,1.0,21,60,0
81,disease,none,configs/none_t1.0_tag21_imm60_pen2.config,1.0,21,60,2
82,disease,none,configs/none_t1.0_tag21_imm60_pen5.config,1.0,21,60,5
83,baseline,altruist,configs/altruist_baseline.config,,,,
84,disease,altruist,configs/altruist_t0.3_tag5_imm10_pen0.config,0.3,5,10,0
85,disease,altruist,configs/altruist_t0.3_tag5_imm10_pen2.config,0.3,5,10,2
86,disease,altruist,configs/altruist_t0.3_tag5_imm10_pen5.config,0.3,5,10,5
87,disease,altruist,configs/altruist_t0.3_tag5_imm35_pen0.config,0.3,5,35,0
88,disease,altruist,configs/altruist_t0.3_tag5_imm35_pen2.config,0.3,5,35,2
89,disease,altruist,configs/altruist_t0.3_tag5_imm35_pen5.config,0.3,5,35,5
90,disease,altruist,configs/altruist_t0.3_tag5_imm60_pen0.config,0.3,5,60,0
91,disease,altruist,configs/altruist_t0.3_tag5_imm60_pen2.config,0.3,5,60,2
92,disease,altruist,configs/altruist_t0.3_tag5_imm60_pen5.config,0.3,5,60,5
93,disease,altruist,configs/altruist_t0.3_tag13_imm10_pen0.config,0.3,13,10,0
94,disease,altruist,configs/altruist_t0.3_tag13_imm10_pen2.config,0.3,13,10,2
95,disease,altruist,configs/altruist_t0.3_tag13_imm10_pen5.config,0.3,13,10,5
96,disease,altruist,configs/altruist_t0.3_tag13_imm35_pen0.config,0.3,13,35,0
97,disease,altruist,configs/altruist_t0.3_tag13_imm35_pen2.config,0.3,13,35,2
98,disease,altruist,configs/altruist_t0.3_tag13_imm35_pen5.config,0.3,13,35,5
99,disease,altruist,configs/altruist_t0.3_tag13_imm60_pen0.config,0.3,13,60,0
100,disease,altruist,configs/altruist_t0.3_tag13_imm60_pen2.config,0.3,13,60,2
101,disease,altruist,configs/altruist_t0.3_tag13_imm60_pen5.config,0.3,13,60,5
102,disease,altruist,configs/altruist_t0.3_tag21_imm10_pen0.config,0.3,21,10,0
103,disease,altruist,configs/altruist_t0.3_tag21_imm10_pen2.config,0.3,21,10,2
104,disease,altruist,configs/altruist_t0.3_tag21_imm10_pen5.config,0.3,21,10,5
105,disease,altruist,configs/altruist_t0.3_tag21_imm35_pen0.config,0.3,21,35,0
106,disease,altruist,configs/altruist_t0.3_tag21_imm35_pen2.config,0.3,21,35,2
107,disease,altruist,configs/altruist_t0.3_tag21_imm35_pen5.config,0.3,21,35,5
108,disease,altruist,configs/altruist_t0.3_tag21_imm60_pen0.config,0.3,21,60,0
109,disease,altruist,configs/altruist_t0.3_tag21_imm60_pen2.config,0.3,21,60,2
110,disease,altruist,configs/altruist_t0.3_tag21_imm60_pen5.config,0.3,21,60,5
111,disease,altruist,configs/altruist_t0.6_tag5_imm10_pen0.config,0.6,5,10,0
112,disease,altruist,configs/altruist_t0.6_tag5_imm10_pen2.config,0.6,5,10,2
113,disease,altruist,configs/altruist_t0.6_tag5_imm10_pen5.config,0.6,5,10,5
114,disease,altruist,configs/altruist_t0.6_tag5_imm35_pen0.config,0.6,5,35,0
115,disease,altruist,configs/altruist_t0.6_tag5_imm35_pen2.config,0.6,5,35,2
116,disease,altruist,configs/altruist_t0.6_tag5_imm35_pen5.config,0.6,5,35,5
117,disease,altruist,configs/altruist_t0.6_tag5_imm60_pen0.config,0.6,5,60,0
118,disease,altruist,configs/altruist_t0.6_tag5_imm60_pen2.config,0.6,5,60,2
119,disease,altruist,configs/altruist_t0.6_tag5_imm60_pen5.config,0.6,5,60,5
120,disease,altruist,configs/altruist_t0.6_tag13_imm10_pen0.config,0.6,13,10,0
121,disease,altruist,configs/altruist_t0.6_tag13_imm10_pen2.config,0.6,13,10,2
122,disease,altruist,configs/altruist_t0.6_tag13_imm10_pen5.config,0.6,13,10,5
123,disease,altruist,configs/altruist_t0.6_tag13_imm35_pen0.config,0.6,13,35,0
124,disease,altruist,configs/altruist_t0.6_tag13_imm35_pen2.config,0.6,13,35,2
125,disease,altruist,configs/altruist_t0.6_tag13_imm35_pen5.config,0.6,13,35,5
126,disease,altruist,configs/altruist_t0.6_tag13_imm60_pen0.config,0.6,13,60,0
127,disease,altruist,configs/altruist_t0.6_tag13_imm60_pen2.config,0.6,13,60,2
128,disease,altruist,configs/altruist_t0.6_tag13_imm60_pen5.config,0.6,13,60,5
129,disease,altruist,configs/altruist_t0.6_tag21_imm10_pen0.config,0.6,21,10,0
130,disease,altruist,configs/altruist_t0.6_tag21_imm10_pen2.config,0.6,21,10,2
131,disease,altruist,configs/altruist_t0.6_tag21_imm10_pen5.config,0.6,21,10,5
132,disease,altruist,configs/altruist_t0.6_tag21_imm35_pen0.config,0.6,21,35,0
133,disease,altruist,configs/altruist_t0.6_tag21_imm35_pen2.config,0.6,21,35,2
134,disease,altruist,configs/altruist_t0.6_tag21_imm35_pen5.config,0.6,21,35,5
135,disease,altruist,configs/altruist_t0.6_tag21_imm60_pen0.config,0.6,21,60,0
136,disease,altruist,configs/altruist_t0.6_tag21_imm60_pen2.config,0.6,21,60,2
137,disease,altruist,configs/altruist_t0.6_tag21_imm60_pen5.config,0.6,21,60,5
138,disease,altruist,configs/altruist_t1.0_tag5_imm10_pen0.config,1.0,5,10,0
139,disease,altruist,configs/altruist_t1.0_tag5_imm10_pen2.config,1.0,5,10,2
140,disease,altruist,configs/altruist_t1.0_tag5_imm10_pen5.config,1.0,5,10,5
141,disease,altruist,configs/altruist_t1.0_tag5_imm35_pen0.config,1.0,5,35,0
142,disease,altruist,configs/altruist_t1.0_tag5_imm35_pen2.config,1.0,5,35,2
143,disease,altruist,configs/altruist_t1.0_tag5_imm35_pen5.config,1.0,5,35,5
144,disease,altruist,configs/altruist_t1.0_tag5_imm60_pen0.config,1.0,5,60,0
145,disease,altruist,configs/altruist_t1.0_tag5_imm60_pen2.config,1.0,5,60,2
146,disease,altruist,configs/altruist_t1.0_tag5_imm60_pen5.config,1.0,5,60,5
147,disease,altruist,configs/altruist_t1.0_tag13_imm10_pen0.config,1.0,13,10,0
148,disease,altruist,configs/altruist_t1.0_tag13_imm10_pen2.config,1.0,13,10,2
149,disease,altruist,configs/altruist_t1.0_tag13_imm10_pen5.config,1.0,13,10,5
150,disease,altruist,configs/altruist_t1.0_tag13_imm35_pen0.config,1.0,13,35,0
151,disease,altruist,configs/altruist_t1.0_tag13_imm35_pen2.config,1.0,13,35,2
152,disease,altruist,configs/altruist_t1.0_tag13_imm35_pen5.config,1.0,13,35,5
153,disease,altruist,configs/altruist_t1.0_tag13_imm60_pen0.config,1.0,13,60,0
154,disease,altruist,configs/altruist_t1.0_tag13_imm60_pen2.config,1.0,13,60,2
155,disease,altruist,configs/altruist_t1.0_tag13_imm60_pen5.config,1.0,13,60,5
156,disease,altruist,configs/altruist_t1.0_tag21_imm10_pen0.config,1.0,21,10,0
157,disease,altruist,configs/altruist_t1.0_tag21_imm10_pen2.config,1.0,21,10,2
158,disease,altruist,configs/altruist_t1.0_tag21_imm10_pen5.config,1.0,21,10,5
159,disease,altruist,configs/altruist_t1.0_tag21_imm35_pen0.config,1.0,21,35,0
160,disease,altruist,configs/altruist_t1.0_tag21_imm35_pen2.config,1.0,21,35,2
161,disease,altruist,configs/altruist_t1.0_tag21_imm35_pen5.config,1.0,21,35,5
162,disease,altruist,configs/altruist_t1.0_tag21_imm60_pen0.config,1.0,21,60,0
163,disease,altruist,configs/altruist_t1.0_tag21_imm60_pen2.config,1.0,21,60,2
164,disease,altruist,configs/altruist_t1.0_tag21_imm60_pen5.config,1.0,21,60,5
165,baseline,bentham,configs/bentham_baseline.config,,,,
166,disease,bentham,configs/bentham_t0.3_tag5_imm10_pen0.config,0.3,5,10,0
167,disease,bentham,configs/bentham_t0.3_tag5_imm10_pen2.config,0.3,5,10,2
168,disease,bentham,configs/bentham_t0.3_tag5_imm10_pen5.config,0.3,5,10,5
169,disease,bentham,configs/bentham_t0.3_tag5_imm35_pen0.config,0.3,5,35,0
170,disease,bentham,configs/bentham_t0.3_tag5_imm35_pen2.config,0.3,5,35,2
171,disease,bentham,configs/bentham_t0.3_tag5_imm35_pen5.config,0.3,5,35,5
172,disease,bentham,configs/bentham_t0.3_tag5_imm60_pen0.config,0.3,5,60,0
173,disease,bentham,configs/bentham_t0.3_tag5_imm60_pen2.config,0.3,5,60,2
174,disease,bentham,configs/bentham_t0.3_tag5_imm60_pen5.config,0.3,5,60,5
175,disease,bentham,configs/bentham_t0.3_tag13_imm10_pen0.config,0.3,13,10,0
176,disease,bentham,configs/bentham_t0.3_tag13_imm10_pen2.config,0.3,13,10,2
177,disease,bentham,configs/bentham_t0.3_tag13_imm10_pen5.config,0.3,13,10,5
178,disease,bentham,configs/bentham_t0.3_tag13_imm35_pen0.config,0.3,13,35,0
179,disease,bentham,configs/bentham_t0.3_tag13_imm35_pen2.config,0.3,13,35,2
180,disease,bentham,configs/bentham_t0.3_tag13_imm35_pen5.config,0.3,13,35,5
181,disease,bentham,configs/bentham_t0.3_tag13_imm60_pen0.config,0.3,13,60,0
182,disease,bentham,configs/bentham_t0.3_tag13_imm60_pen2.config,0.3,13,60,2
183,disease,bentham,configs/bentham_t0.3_tag13_imm60_pen5.config,0.3,13,60,5
184,disease,bentham,configs/bentham_t0.3_tag21_imm10_pen0.config,0.3,21,10,0
185,disease,bentham,configs/bentham_t0.3_tag21_imm10_pen2.config,0.3,21,10,2
186,disease,bentham,configs/bentham_t0.3_tag21_imm10_pen5.config,0.3,21,10,5
187,disease,bentham,configs/bentham_t0.3_tag21_imm35_pen0.config,0.3,21,35,0
188,disease,bentham,configs/bentham_t0.3_tag21_imm35_pen2.config,0.3,21,35,2
189,disease,bentham,configs/bentham_t0.3_tag21_imm35_pen5.config,0.3,21,35,5
190,disease,bentham,configs/bentham_t0.3_tag21_imm60_pen0.config,0.3,21,60,0
191,disease,bentham,configs/bentham_t0.3_tag21_imm60_pen2.config,0.3,21,60,2
192,disease,bentham,configs/bentham_t0.3_tag21_imm60_pen5.config,0.3,21,60,5
193,disease,bentham,configs/bentham_t0.6_tag5_imm10_pen0.config,0.6,5,10,0
194,disease,bentham,configs/bentham_t0.6_tag5_imm10_pen2.config,0.6,5,10,2
195,disease,bentham,configs/bentham_t0.6_tag5_imm10_pen5.config,0.6,5,10,5
196,disease,bentham,configs/bentham_t0.6_tag5_imm35_pen0.config,0.6,5,35,0
197,disease,bentham,configs/bentham_t0.6_tag5_imm35_pen2.config,0.6,5,35,2
198,disease,bentham,configs/bentham_t0.6_tag5_imm35_pen5.config,0.6,5,35,5
199,disease,bentham,configs/bentham_t0.6_tag5_imm60_pen0.config,0.6,5,60,0
200,disease,bentham,configs/bentham_t0.6_tag5_imm60_pen2.config,0.6,5,60,2
201,disease,bentham,configs/bentham_t0.6_tag5_imm60_pen5.config,0.6,5,60,5
202,disease,bentham,configs/bentham_t0.6_tag13_imm10_pen0.config,0.6,13,10,0
203,disease,bentham,configs/bentham_t0.6_tag13_imm10_pen2.config,0.6,13,10,2
204,disease,bentham,configs/bentham_t0.6_tag13_imm10_pen5.config,0.6,13,10,5
205,disease,bentham,configs/bentham_t0.6_tag13_imm35_pen0.config,0.6,13,35,0
206,disease,bentham,configs/bentham_t0.6_tag13_imm35_pen2.config,0.6,13,35,2
207,disease,bentham,configs/bentham_t0.6_tag13_imm35_pen5.config,0.6,13,35,5
208,disease,bentham,configs/bentham_t0.6_tag13_imm60_pen0.config,0.6,13,60,0
209,disease,bentham,configs/bentham_t0.6_tag13_imm60_pen2.config,0.6,13,60,2
210,disease,bentham,configs/bentham_t0.6_tag13_imm60_pen5.config,0.6,13,60,5
211,disease,bentham,configs/bentham_t0.6_tag21_imm10_pen0.config,0.6,21,10,0
212,disease,bentham,configs/bentham_t0.6_tag21_imm10_pen2.config,0.6,21,10,2
213,disease,bentham,configs/bentham_t0.6_tag21_imm10_pen5.config,0.6,21,10,5
214,disease,bentham,configs/bentham_t0.6_tag21_imm35_pen0.config,0.6,21,35,0
215,disease,bentham,configs/bentham_t0.6_tag21_imm35_pen2.config,0.6,21,35,2
216,disease,bentham,configs/bentham_t0.6_tag21_imm35_pen5.config,0.6,21,35,5
217,disease,bentham,configs/bentham_t0.6_tag21_imm60_pen0.config,0.6,21,60,0
218,disease,bentham,configs/bentham_t0.6_tag21_imm60_pen2.config,0.6,21,60,2
219,disease,bentham,configs/bentham_t0.6_tag21_imm60_pen5.config,0.6,21,60,5
220,disease,bentham,configs/bentham_t1.0_tag5_imm10_pen0.config,1.0,5,10,0
221,disease,bentham,configs/bentham_t1.0_tag5_imm10_pen2.config,1.0,5,10,2
222,disease,bentham,configs/bentham_t1.0_tag5_imm10_pen5.config,1.0,5,10,5
223,disease,bentham,configs/bentham_t1.0_tag5_imm35_pen0.config,1.0,5,35,0
224,disease,bentham,configs/bentham_t1.0_tag5_imm35_pen2.config,1.0,5,35,2
225,disease,bentham,configs/bentham_t1.0_tag5_imm35_pen5.config,1.0,5,35,5
226,disease,bentham,configs/bentham_t1.0_tag5_imm60_pen0.config,1.0,5,60,0
227,disease,bentham,configs/bentham_t1.0_tag5_imm60_pen2.config,1.0,5,60,2
228,disease,bentham,configs/bentham_t1.0_tag5_imm60_pen5.config,1.0,5,60,5
229,disease,bentham,configs/bentham_t1.0_tag13_imm10_pen0.config,1.0,13,10,0
230,disease,bentham,configs/bentham_t1.0_tag13_imm10_pen2.config,1.0,13,10,2
231,disease,bentham,configs/bentham_t1.0_tag13_imm10_pen5.config,1.0,13,10,5
232,disease,bentham,configs/bentham_t1.0_tag13_imm35_pen0.config,1.0,13,35,0
233,disease,bentham,configs/bentham_t1.0_tag13_imm35_pen2.config,1.0,13,35,2
234,disease,bentham,configs/bentham_t1.0_tag13_imm35_pen5.config,1.0,13,35,5
235,disease,bentham,configs/bentham_t1.0_tag13_imm60_pen0.config,1.0,13,60,0
236,disease,bentham,configs/bentham_t1.0_tag13_imm60_pen2.config,1.0,13,60,2
237,disease,bentham,configs/bentham_t1.0_tag13_imm60_pen5.config,1.0,13,60,5
238,disease,bentham,configs/bentham_t1.0_tag21_imm10_pen0.config,1.0,21,10,0
239,disease,bentham,configs/bentham_t1.0_tag21_imm10_pen2.config,1.0,21,10,2
240,disease,bentham,configs/bentham_t1.0_tag21_imm10_pen5.config,1.0,21,10,5
241,disease,bentham,configs/bentham_t1.0_tag21_imm35_pen0.config,1.0,21,35,0
242,disease,bentham,configs/bentham_t1.0_tag21_imm35_pen2.config,1.0,21,35,2
243,disease,bentham,configs/bentham_t1.0_tag21_imm35_pen5.config,1.0,21,35,5
244,disease,bentham,configs/bentham_t1.0_tag21_imm60_pen0.config,1.0,21,60,0
245,disease,bentham,configs/bentham_t1.0_tag21_imm60_pen2.config,1.0,21,60,2
246,disease,bentham,configs/bentham_t1.0_tag21_imm60_pen5.config,1.0,21,60,5
247,baseline,egoist,configs/egoist_baseline.config,,,,
248,disease,egoist,configs/egoist_t0.3_tag5_imm10_pen0.config,0.3,5,10,0
249,disease,egoist,configs/egoist_t0.3_tag5_imm10_pen2.config,0.3,5,10,2
250,disease,egoist,configs/egoist_t0.3_tag5_imm10_pen5.config,0.3,5,10,5
251,disease,egoist,configs/egoist_t0.3_tag5_imm35_pen0.config,0.3,5,35,0
252,disease,egoist,configs/egoist_t0.3_tag5_imm35_pen2.config,0.3,5,35,2
253,disease,egoist,configs/egoist_t0.3_tag5_imm35_pen5.config,0.3,5,35,5
254,disease,egoist,configs/egoist_t0.3_tag5_imm60_pen0.config,0.3,5,60,0
255,disease,egoist,configs/egoist_t0.3_tag5_imm60_pen2.config,0.3,5,60,2
256,disease,egoist,configs/egoist_t0.3_tag5_imm60_pen5.config,0.3,5,60,5
257,disease,egoist,configs/egoist_t0.3_tag13_imm10_pen0.config,0.3,13,10,0
258,disease,egoist,configs/egoist_t0.3_tag13_imm10_pen2.config,0.3,13,10,2
259,disease,egoist,configs/egoist_t0.3_tag13_imm10_pen5.config,0.3,13,10,5
260,disease,egoist,configs/egoist_t0.3_tag13_imm35_pen0.config,0.3,13,35,0
261,disease,egoist,configs/egoist_t0.3_tag13_imm35_pen2.config,0.3,13,35,2
262,disease,egoist,configs/egoist_t0.3_tag13_imm35_pen5.config,0.3,13,35,5
263,disease,egoist,configs/egoist_t0.3_tag13_imm60_pen0.config,0.3,13,60,0
264,disease,egoist,configs/egoist_t0.3_tag13_imm60_pen2.config,0.3,13,60,2
265,disease,egoist,configs/egoist_t0.3_tag13_imm60_pen5.config,0.3,13,60,5
266,disease,egoist,configs/egoist_t0.3_tag21_imm10_pen0.config,0.3,21,10,0
267,disease,egoist,configs/egoist_t0.3_tag21_imm10_pen2.config,0.3,21,10,2
268,disease,egoist,configs/egoist_t0.3_tag21_imm10_pen5.config,0.3,21,10,5
269,disease,egoist,configs/egoist_t0.3_tag21_imm35_pen0.config,0.3,21,35,0
270,disease,egoist,configs/egoist_t0.3_tag21_imm35_pen2.config,0.3,21,35,2
271,disease,egoist,configs/egoist_t0.3_tag21_imm35_pen5.config,0.3,21,35,5
272,disease,egoist,configs/egoist_t0.3_tag21_imm60_pen0.config,0.3,21,60,0
273,disease,egoist,configs/egoist_t0.3_tag21_imm60_pen2.config,0.3,21,60,2
274,disease,egoist,configs/egoist_t0.3_tag21_imm60_pen5.config,0.3,21,60,5
275,disease,egoist,configs/egoist_t0.6_tag5_imm10_pen0.config,0.6,5,10,0
276,disease,egoist,configs/egoist_t0.6_tag5_imm10_pen2.config,0.6,5,10,2
277,disease,egoist,configs/egoist_t0.6_tag5_imm10_pen5.config,0.6,5,10,5
278,disease,egoist,configs/egoist_t0.6_tag5_imm35_pen0.config,0.6,5,35,0
279,disease,egoist,configs/egoist_t0.6_tag5_imm35_pen2.config,0.6,5,35,2
280,disease,egoist,configs/egoist_t0.6_tag5_imm35_pen5.config,0.6,5,35,5
281,disease,egoist,configs/egoist_t0.6_tag5_imm60_pen0.config,0.6,5,60,0
282,disease,egoist,configs/egoist_t0.6_tag5_imm60_pen2.config,0.6,5,60,2
283,disease,egoist,configs/egoist_t0.6_tag5_imm60_pen5.config,0.6,5,60,5
284,disease,egoist,configs/egoist_t0.6_tag13_imm10_pen0.config,0.6,13,10,0
285,disease,egoist,configs/egoist_t0.6_tag13_imm10_pen2.config,0.6,13,10,2
286,disease,egoist,configs/egoist_t0.6_tag13_imm10_pen5.config,0.6,13,10,5
287,disease,egoist,configs/egoist_t0.6_tag13_imm35_pen0.config,0.6,13,35,0
288,disease,egoist,configs/egoist_t0.6_tag13_imm35_pen2.config,0.6,13,35,2
289,disease,egoist,configs/egoist_t0.6_tag13_imm35_pen5.config,0.6,13,35,5
290,disease,egoist,configs/egoist_t0.6_tag13_imm60_pen0.config,0.6,13,60,0
291,disease,egoist,configs/egoist_t0.6_tag13_imm60_pen2.config,0.6,13,60,2
292,disease,egoist,configs/egoist_t0.6_tag13_imm60_pen5.config,0.6,13,60,5
293,disease,egoist,configs/egoist_t0.6_tag21_imm10_pen0.config,0.6,21,10,0
294,disease,egoist,configs/egoist_t0.6_tag21_imm10_pen2.config,0.6,21,10,2
295,disease,egoist,configs/egoist_t0.6_tag21_imm10_pen5.config,0.6,21,10,5
296,disease,egoist,configs/egoist_t0.6_tag21_imm35_pen0.config,0.6,21,35,0
297,disease,egoist,configs/egoist_t0.6_tag21_imm35_pen2.config,0.6,21,35,2
298,disease,egoist,configs/egoist_t0.6_tag21_imm35_pen5.config,0.6,21,35,5
299,disease,egoist,configs/egoist_t0.6_tag21_imm60_pen0.config,0.6,21,60,0
300,disease,egoist,configs/egoist_t0.6_tag21_imm60_pen2.config,0.6,21,60,2
301,disease,egoist,configs/egoist_t0.6_tag21_imm60_pen5.config,0.6,21,60,5
302,disease,egoist,configs/egoist_t1.0_tag5_imm10_pen0.config,1.0,5,10,0
303,disease,egoist,configs/egoist_t1.0_tag5_imm10_pen2.config,1.0,5,10,2
304,disease,egoist,configs/egoist_t1.0_tag5_imm10_pen5.config,1.0,5,10,5
305,disease,egoist,configs/egoist_t1.0_tag5_imm35_pen0.config,1.0,5,35,0
306,disease,egoist,configs/egoist_t1.0_tag5_imm35_pen2.config,1.0,5,35,2
307,disease,egoist,configs/egoist_t1.0_tag5_imm35_pen5.config,1.0,5,35,5
308,disease,egoist,configs/egoist_t1.0_tag5_imm60_pen0.config,1.0,5,60,0
309,disease,egoist,configs/egoist_t1.0_tag5_imm60_pen2.config,1.0,5,60,2
310,disease,egoist,configs/egoist_t1.0_tag5_imm60_pen5.config,1.0,5,60,5
311,disease,egoist,configs/egoist_t1.0_tag13_imm10_pen0.config,1.0,13,10,0
312,disease,egoist,configs/egoist_t1.0_tag13_imm10_pen2.config,1.0,13,10,2
313,disease,egoist,configs/egoist_t1.0_tag13_imm10_pen5.config,1.0,13,10,5
314,disease,egoist,configs/egoist_t1.0_tag13_imm35_pen0.config,1.0,13,35,0
315,disease,egoist,configs/egoist_t1.0_tag13_imm35_pen2.config,1.0,13,35,2
316,disease,egoist,configs/egoist_t1.0_tag13_imm35_pen5.config,1.0,13,35,5
317,disease,egoist,configs/egoist_t1.0_tag13_imm60_pen0.config,1.0,13,60,0
318,disease,egoist,configs/egoist_t1.0_tag13_imm60_pen2.config,1.0,13,60,2
319,disease,egoist,configs/egoist_t1.0_tag13_imm60_pen5.config,1.0,13,60,5
320,disease,egoist,configs/egoist_t1.0_tag21_imm10_pen0.config,1.0,21,10,0
321,disease,egoist,configs/egoist_t1.0_tag21_imm10_pen2.config,1.0,21,10,2
322,disease,egoist,configs/egoist_t1.0_tag21_imm10_pen5.config,1.0,21,10,5
323,disease,egoist,configs/egoist_t1.0_tag21_imm35_pen0.config,1.0,21,35,0
324,disease,egoist,configs/egoist_t1.0_tag21_imm35_pen2.config,1.0,21,35,2
325,disease,egoist,configs/egoist_t1.0_tag21_imm35_pen5.config,1.0,21,35,5
326,disease,egoist,configs/egoist_t1.0_tag21_imm60_pen0.config,1.0,21,60,0
327,disease,egoist,configs/egoist_t1.0_tag21_imm60_pen2.config,1.0,21,60,2
328,disease,egoist,configs/egoist_t1.0_tag21_imm60_pen5.config,1.0,21,60,5
329,baseline,negativeBentham,configs/negativeBentham_baseline.config,,,,
330,disease,negativeBentham,configs/negativeBentham_t0.3_tag5_imm10_pen0.config,0.3,5,10,0
331,disease,negativeBentham,configs/negativeBentham_t0.3_tag5_imm10_pen2.config,0.3,5,10,2
332,disease,negativeBentham,configs/negativeBentham_t0.3_tag5_imm10_pen5.config,0.3,5,10,5
333,disease,negativeBentham,configs/negativeBentham_t0.3_tag5_imm35_pen0.config,0.3,5,35,0
334,disease,negativeBentham,configs/negativeBentham_t0.3_tag5_imm35_pen2.config,0.3,5,35,2
335,disease,negativeBentham,configs/negativeBentham_t0.3_tag5_imm35_pen5.config,0.3,5,35,5
336,disease,negativeBentham,configs/negativeBentham_t0.3_tag5_imm60_pen0.config,0.3,5,60,0
337,disease,negativeBentham,configs/negativeBentham_t0.3_tag5_imm60_pen2.config,0.3,5,60,2
338,disease,negativeBentham,configs/negativeBentham_t0.3_tag5_imm60_pen5.config,0.3,5,60,5
339,disease,negativeBentham,configs/negativeBentham_t0.3_tag13_imm10_pen0.config,0.3,13,10,0
340,disease,negativeBentham,configs/negativeBentham_t0.3_tag13_imm10_pen2.config,0.3,13,10,2
341,disease,negativeBentham,configs/negativeBentham_t0.3_tag13_imm10_pen5.config,0.3,13,10,5
342,disease,negativeBentham,configs/negativeBentham_t0.3_tag13_imm35_pen0.config,0.3,13,35,0
343,disease,negativeBentham,configs/negativeBentham_t0.3_tag13_imm35_pen2.config,0.3,13,35,2
344,disease,negativeBentham,configs/negativeBentham_t0.3_tag13_imm35_pen5.config,0.3,13,35,5
345,disease,negativeBentham,configs/negativeBentham_t0.3_tag13_imm60_pen0.config,0.3,13,60,0
346,disease,negativeBentham,configs/negativeBentham_t0.3_tag13_imm60_pen2.config,0.3,13,60,2
347,disease,negativeBentham,configs/negativeBentham_t0.3_tag13_imm60_pen5.config,0.3,13,60,5
348,disease,negativeBentham,configs/negativeBentham_t0.3_tag21_imm10_pen0.config,0.3,21,10,0
349,disease,negativeBentham,configs/negativeBentham_t0.3_tag21_imm10_pen2.config,0.3,21,10,2
350,disease,negativeBentham,configs/negativeBentham_t0.3_tag21_imm10_pen5.config,0.3,21,10,5
351,disease,negativeBentham,configs/negativeBentham_t0.3_tag21_imm35_pen0.config,0.3,21,35,0
352,disease,negativeBentham,configs/negativeBentham_t0.3_tag21_imm35_pen2.config,0.3,21,35,2
353,disease,negativeBentham,configs/negativeBentham_t0.3_tag21_imm35_pen5.config,0.3,21,35,5
354,disease,negativeBentham,configs/negativeBentham_t0.3_tag21_imm60_pen0.config,0.3,21,60,0
355,disease,negativeBentham,configs/negativeBentham_t0.3_tag21_imm60_pen2.config,0.3,21,60,2
356,disease,negativeBentham,configs/negativeBentham_t0.3_tag21_imm60_pen5.config,0.3,21,60,5
357,disease,negativeBentham,configs/negativeBentham_t0.6_tag5_imm10_pen0.config,0.6,5,10,0
358,disease,negativeBentham,configs/negativeBentham_t0.6_tag5_imm10_pen2.config,0.6,5,10,2
359,disease,negativeBentham,configs/negativeBentham_t0.6_tag5_imm10_pen5.config,0.6,5,10,5
360,disease,negativeBentham,configs/negativeBentham_t0.6_tag5_imm35_pen0.config,0.6,5,35,0
361,disease,negativeBentham,configs/negativeBentham_t0.6_tag5_imm35_pen2.config,0.6,5,35,2
362,disease,negativeBentham,configs/negativeBentham_t0.6_tag5_imm35_pen5.config,0.6,5,35,5
363,disease,negativeBentham,configs/negativeBentham_t0.6_tag5_imm60_pen0.config,0.6,5,60,0
364,disease,negativeBentham,configs/negativeBentham_t0.6_tag5_imm60_pen2.config,0.6,5,60,2
365,disease,negativeBentham,configs/negativeBentham_t0.6_tag5_imm60_pen5.config,0.6,5,60,5
366,disease,negativeBentham,configs/negativeBentham_t0.6_tag13_imm10_pen0.config,0.6,13,10,0
367,disease,negativeBentham,configs/negativeBentham_t0.6_tag13_imm10_pen2.config,0.6,13,10,2
368,disease,negativeBentham,configs/negativeBentham_t0.6_tag13_imm10_pen5.config,0.6,13,10,5
369,disease,negativeBentham,configs/negativeBentham_t0.6_tag13_imm35_pen0.config,0.6,13,35,0
370,disease,negativeBentham,configs/negativeBentham_t0.6_tag13_imm35_pen2.config,0.6,13,35,2
371,disease,negativeBentham,configs/negativeBentham_t0.6_tag13_imm35_pen5.config,0.6,13,35,5
372,disease,negativeBentham,configs/negativeBentham_t0.6_tag13_imm60_pen0.config,0.6,13,60,0
373,disease,negativeBentham,configs/negativeBentham_t0.6_tag13_imm60_pen2.config,0.6,13,60,2
374,disease,negativeBentham,configs/negativeBentham_t0.6_tag13_imm60_pen5.config,0.6,13,60,5
375,disease,negativeBentham,configs/negativeBentham_t0.6_tag21_imm10_pen0.config,0.6,21,10,0
376,disease,negativeBentham,configs/negativeBentham_t0.6_tag21_imm10_pen2.config,0.6,21,10,2
377,disease,negativeBentham,configs/negativeBentham_t0.6_tag21_imm10_pen5.config,0.6,21,10,5
378,disease,negativeBentham,configs/negativeBentham_t0.6_tag21_imm35_pen0.config,0.6,21,35,0
379,disease,negativeBentham,configs/negativeBentham_t0.6_tag21_imm35_pen2.config,0.6,21,35,2
380,disease,negativeBentham,configs/negativeBentham_t0.6_tag21_imm35_pen5.config,0.6,21,35,5
381,disease,negativeBentham,configs/negativeBentham_t0.6_tag21_imm60_pen0.config,0.6,21,60,0
382,disease,negativeBentham,configs/negativeBentham_t0.6_tag21_imm60_pen2.config,0.6,21,60,2
383,disease,negativeBentham,configs/negativeBentham_t0.6_tag21_imm60_pen5.config,0.6,21,60,5
384,disease,negativeBentham,configs/negativeBentham_t1.0_tag5_imm10_pen0.config,1.0,5,10,0
385,disease,negativeBentham,configs/negativeBentham_t1.0_tag5_imm10_pen2.config,1.0,5,10,2
386,disease,negativeBentham,configs/negativeBentham_t1.0_tag5_imm10_pen5.config,1.0,5,10,5
387,disease,negativeBentham,configs/negativeBentham_t1.0_tag5_imm35_pen0.config,1.0,5,35,0
388,disease,negativeBentham,configs/negativeBentham_t1.0_tag5_imm35_pen2.config,1.0,5,35,2
389,disease,negativeBentham,configs/negativeBentham_t1.0_tag5_imm35_pen5.config,1.0,5,35,5
390,disease,negativeBentham,configs/negativeBentham_t1.0_tag5_imm60_pen0.config,1.0,5,60,0
391,disease,negativeBentham,configs/negativeBentham_t1.0_tag5_imm60_pen2.config,1.0,5,60,2
392,disease,negativeBentham,configs/negativeBentham_t1.0_tag5_imm60_pen5.config,1.0,5,60,5
393,disease,negativeBentham,configs/negativeBentham_t1.0_tag13_imm10_pen0.config,1.0,13,10,0
394,disease,negativeBentham,configs/negativeBentham_t1.0_tag13_imm10_pen2.config,1.0,13,10,2
395,disease,negativeBentham,configs/negativeBentham_t1.0_tag13_imm10_pen5.config,1.0,13,10,5
396,disease,negativeBentham,configs/negativeBentham_t1.0_tag13_imm35_pen0.config,1.0,13,35,0
397,disease,negativeBentham,configs/negativeBentham_t1.0_tag13_imm35_pen2.config,1.0,13,35,2
398,disease,negativeBentham,configs/negativeBentham_t1.0_tag13_imm35_pen5.config,1.0,13,35,5
399,disease,negativeBentham,configs/negativeBentham_t1.0_tag13_imm60_pen0.config,1.0,13,60,0
400,disease,negativeBentham,configs/negativeBentham_t1.0_tag13_imm60_pen2.config,1.0,13,60,2
401,disease,negativeBentham,configs/negativeBentham_t1.0_tag13_imm60_pen5.config,1.0,13,60,5
402,disease,negativeBentham,configs/negativeBentham_t1.0_tag21_imm10_pen0.config,1.0,21,10,0
403,disease,negativeBentham,configs/negativeBentham_t1.0_tag21_imm10_pen2.config,1.0,21,10,2
404,disease,negativeBentham,configs/negativeBentham_t1.0_tag21_imm10_pen5.config,1.0,21,10,5
405,disease,negativeBentham,configs/negativeBentham_t1.0_tag21_imm35_pen0.config,1.0,21,35,0
406,disease,negativeBentham,configs/negativeBentham_t1.0_tag21_imm35_pen2.config,1.0,21,35,2
407,disease,negativeBentham,configs/negativeBentham_t1.0_tag21_imm35_pen5.config,1.0,21,35,5
408,disease,negativeBentham,configs/negativeBentham_t1.0_tag21_imm60_pen0.config,1.0,21,60,0
409,disease,negativeBentham,configs/negativeBentham_t1.0_tag21_imm60_pen2.config,1.0,21,60,2
410,disease,negativeBentham,configs/negativeBentham_t1.0_tag21_imm60_pen5.config,1.0,21,60,5
411,baseline,asimov,configs/asimov_baseline.config,,,,
412,disease,asimov,configs/asimov_t0.3_tag5_imm10_pen0.config,0.3,5,10,0
413,disease,asimov,configs/asimov_t0.3_tag5_imm10_pen2.config,0.3,5,10,2
414,disease,asimov,configs/asimov_t0.3_tag5_imm10_pen5.config,0.3,5,10,5
415,disease,asimov,configs/asimov_t0.3_tag5_imm35_pen0.config,0.3,5,35,0
416,disease,asimov,configs/asimov_t0.3_tag5_imm35_pen2.config,0.3,5,35,2
417,disease,asimov,configs/asimov_t0.3_tag5_imm35_pen5.config,0.3,5,35,5
418,disease,asimov,configs/asimov_t0.3_tag5_imm60_pen0.config,0.3,5,60,0
419,disease,asimov,configs/asimov_t0.3_tag5_imm60_pen2.config,0.3,5,60,2
420,disease,asimov,configs/asimov_t0.3_tag5_imm60_pen5.config,0.3,5,60,5
421,disease,asimov,configs/asimov_t0.3_tag13_imm10_pen0.config,0.3,13,10,0
422,disease,asimov,configs/asimov_t0.3_tag13_imm10_pen2.config,0.3,13,10,2
423,disease,asimov,configs/asimov_t0.3_tag13_imm10_pen5.config,0.3,13,10,5
424,disease,asimov,configs/asimov_t0.3_tag13_imm35_pen0.config,0.3,13,35,0
425,disease,asimov,configs/asimov_t0.3_tag13_imm35_pen2.config,0.3,13,35,2
426,disease,asimov,configs/asimov_t0.3_tag13_imm35_pen5.config,0.3,13,35,5
427,disease,asimov,configs/asimov_t0.3_tag13_imm60_pen0.config,0.3,13,60,0
428,disease,asimov,configs/asimov_t0.3_tag13_imm60_pen2.config,0.3,13,60,2
429,disease,asimov,configs/asimov_t0.3_tag13_imm60_pen5.config,0.3,13,60,5
430,disease,asimov,configs/asimov_t0.3_tag21_imm10_pen0.config,0.3,21,10,0
431,disease,asimov,configs/asimov_t0.3_tag21_imm10_pen2.config,0.3,21,10,2
432,disease,asimov,configs/asimov_t0.3_tag21_imm10_pen5.config,0.3,21,10,5
433,disease,asimov,configs/asimov_t0.3_tag21_imm35_pen0.config,0.3,21,35,0
434,disease,asimov,configs/asimov_t0.3_tag21_imm35_pen2.config,0.3,21,35,2
435,disease,asimov,configs/asimov_t0.3_tag21_imm35_pen5.config,0.3,21,35,5
436,disease,asimov,configs/asimov_t0.3_tag21_imm60_pen0.config,0.3,21,60,0
437,disease,asimov,configs/asimov_t0.3_tag21_imm60_pen2.config,0.3,21,60,2
438,disease,asimov,configs/asimov_t0.3_tag21_imm60_pen5.config,0.3,21,60,5
439,disease,asimov,configs/asimov_t0.6_tag5_imm10_pen0.config,0.6,5,10,0
440,disease,asimov,configs/asimov_t0.6_tag5_imm10_pen2.config,0.6,5,10,2
441,disease,asimov,configs/asimov_t0.6_tag5_imm10_pen5.config,0.6,5,10,5
442,disease,asimov,configs/asimov_t0.6_tag5_imm35_pen0.config,0.6,5,35,0
443,disease,asimov,configs/asimov_t0.6_tag5_imm35_pen2.config,0.6,5,35,2
444,disease,asimov,configs/asimov_t0.6_tag5_imm35_pen5.config,0.6,5,35,5
445,disease,asimov,configs/asimov_t0.6_tag5_imm60_pen0.config,0.6,5,60,0
446,disease,asimov,configs/asimov_t0.6_tag5_imm60_pen2.config,0.6,5,60,2
447,disease,asimov,configs/asimov_t0.6_tag5_imm60_pen5.config,0.6,5,60,5
448,disease,asimov,configs/asimov_t0.6_tag13_imm10_pen0.config,0.6,13,10,0
449,disease,asimov,configs/asimov_t0.6_tag13_imm10_pen2.config,0.6,13,10,2
450,disease,asimov,configs/asimov_t0.6_tag13_imm10_pen5.config,0.6,13,10,5
451,disease,asimov,configs/asimov_t0.6_tag13_imm35_pen0.config,0.6,13,35,0
452,disease,asimov,configs/asimov_t0.6_tag13_imm35_pen2.config,0.6,13,35,2
453,disease,asimov,configs/asimov_t0.6_tag13_imm35_pen5.config,0.6,13,35,5
454,disease,asimov,configs/asimov_t0.6_tag13_imm60_pen0.config,0.6,13,60,0
455,disease,asimov,configs/asimov_t0.6_tag13_imm60_pen2.config,0.6,13,60,2
456,disease,asimov,configs/asimov_t0.6_tag13_imm60_pen5.config,0.6,13,60,5
457,disease,asimov,configs/asimov_t0.6_tag21_imm10_pen0.config,0.6,21,10,0
458,disease,asimov,configs/asimov_t0.6_tag21_imm10_pen2.config,0.6,21,10,2
459,disease,asimov,configs/asimov_t0.6_tag21_imm10_pen5.config,0.6,21,10,5
460,disease,asimov,configs/asimov_t0.6_tag21_imm35_pen0.config,0.6,21,35,0
461,disease,asimov,configs/asimov_t0.6_tag21_imm35_pen2.config,0.6,21,35,2
462,disease,asimov,configs/asimov_t0.6_tag21_imm35_pen5.config,0.6,21,35,5
463,disease,asimov,configs/asimov_t0.6_tag21_imm60_pen0.config,0.6,21,60,0
464,disease,asimov,configs/asimov_t0.6_tag21_imm60_pen2.config,0.6,21,60,2
465,disease,asimov,configs/asimov_t0.6_tag21_imm60_pen5.config,0.6,21,60,5
466,disease,asimov,configs/asimov_t1.0_tag5_imm10_pen0.config,1.0,5,10,0
467,disease,asimov,configs/asimov_t1.0_tag5_imm10_pen2.config,1.0,5,10,2
468,disease,asimov,configs/asimov_t1.0_tag5_imm10_pen5.config,1.0,5,10,5
469,disease,asimov,configs/asimov_t1.0_tag5_imm35_pen0.config,1.0,5,35,0
470,disease,asimov,configs/asimov_t1.0_tag5_imm35_pen2.config,1.0,5,35,2
471,disease,asimov,configs/asimov_t1.0_tag5_imm35_pen5.config,1.0,5,35,5
472,disease,asimov,configs/asimov_t1.0_tag5_imm60_pen0.config,1.0,5,60,0
473,disease,asimov,configs/asimov_t1.0_tag5_imm60_pen2.config,1.0,5,60,2
474,disease,asimov,configs/asimov_t1.0_tag5_imm60_pen5.config,1.0,5,60,5
475,disease,asimov,configs/asimov_t1.0_tag13_imm10_pen0.config,1.0,13,10,0
476,disease,asimov,configs/asimov_t1.0_tag13_imm10_pen2.config,1.0,13,10,2
477,disease,asimov,configs/asimov_t1.0_tag13_imm10_pen5.config,1.0,13,10,5
478,disease,asimov,configs/asimov_t1.0_tag13_imm35_pen0.config,1.0,13,35,0
479,disease,asimov,configs/asimov_t1.0_tag13_imm35_pen2.config,1.0,13,35,2
480,disease,asimov,configs/asimov_t1.0_tag13_imm35_pen5.config,1.0,13,35,5
481,disease,asimov,configs/asimov_t1.0_tag13_imm60_pen0.config,1.0,13,60,0
482,disease,asimov,configs/asimov_t1.0_tag13_imm60_pen2.config,1.0,13,60,2
483,disease,asimov,configs/asimov_t1.0_tag13_imm60_pen5.config,1.0,13,60,5
484,disease,asimov,configs/asimov_t1.0_tag21_imm10_pen0.config,1.0,21,10,0
485,disease,asimov,configs/asimov_t1.0_tag21_imm10_pen2.config,1.0,21,10,2
486,disease,asimov,configs/asimov_t1.0_tag21_imm10_pen5.config,1.0,21,10,5
487,disease,asimov,configs/asimov_t1.0_tag21_imm35_pen0.config,1.0,21,35,0
488,disease,asimov,configs/asimov_t1.0_tag21_imm35_pen2.config,1.0,21,35,2
489,disease,asimov,configs/asimov_t1.0_tag21_imm35_pen5.config,1.0,21,35,5
490,disease,asimov,configs/asimov_t1.0_tag21_imm60_pen0.config,1.0,21,60,0
491,disease,asimov,configs/asimov_t1.0_tag21_imm60_pen2.config,1.0,21,60,2
492,disease,asimov,configs/asimov_t1.0_tag21_imm60_pen5.config,1.0,21,60,5
493,baseline,temperance,configs/temperance_baseline.config,,,,
494,disease,temperance,configs/temperance_t0.3_tag5_imm10_pen0.config,0.3,5,10,0
495,disease,temperance,configs/temperance_t0.3_tag5_imm10_pen2.config,0.3,5,10,2
496,disease,temperance,configs/temperance_t0.3_tag5_imm10_pen5.config,0.3,5,10,5
497,disease,temperance,configs/temperance_t0.3_tag5_imm35_pen0.config,0.3,5,35,0
498,disease,temperance,configs/temperance_t0.3_tag5_imm35_pen2.config,0.3,5,35,2
499,disease,temperance,configs/temperance_t0.3_tag5_imm35_pen5.config,0.3,5,35,5
500,disease,temperance,configs/temperance_t0.3_tag5_imm60_pen0.config,0.3,5,60,0
501,disease,temperance,configs/temperance_t0.3_tag5_imm60_pen2.config,0.3,5,60,2
502,disease,temperance,configs/temperance_t0.3_tag5_imm60_pen5.config,0.3,5,60,5
503,disease,temperance,configs/temperance_t0.3_tag13_imm10_pen0.config,0.3,13,10,0
504,disease,temperance,configs/temperance_t0.3_tag13_imm10_pen2.config,0.3,13,10,2
505,disease,temperance,configs/temperance_t0.3_tag13_imm10_pen5.config,0.3,13,10,5
506,disease,temperance,configs/temperance_t0.3_tag13_imm35_pen0.config,0.3,13,35,0
507,disease,temperance,configs/temperance_t0.3_tag13_imm35_pen2.config,0.3,13,35,2
508,disease,temperance,configs/temperance_t0.3_tag13_imm35_pen5.config,0.3,13,35,5
509,disease,temperance,configs/temperance_t0.3_tag13_imm60_pen0.config,0.3,13,60,0
510,disease,temperance,configs/temperance_t0.3_tag13_imm60_pen2.config,0.3,13,60,2
511,disease,temperance,configs/temperance_t0.3_tag13_imm60_pen5.config,0.3,13,60,5
512,disease,temperance,configs/temperance_t0.3_tag21_imm10_pen0.config,0.3,21,10,0
513,disease,temperance,configs/temperance_t0.3_tag21_imm10_pen2.config,0.3,21,10,2
514,disease,temperance,configs/temperance_t0.3_tag21_imm10_pen5.config,0.3,21,10,5
515,disease,temperance,configs/temperance_t0.3_tag21_imm35_pen0.config,0.3,21,35,0
516,disease,temperance,configs/temperance_t0.3_tag21_imm35_pen2.config,0.3,21,35,2
517,disease,temperance,configs/temperance_t0.3_tag21_imm35_pen5.config,0.3,21,35,5
518,disease,temperance,configs/temperance_t0.3_tag21_imm60_pen0.config,0.3,21,60,0
519,disease,temperance,configs/temperance_t0.3_tag21_imm60_pen2.config,0.3,21,60,2
520,disease,temperance,configs/temperance_t0.3_tag21_imm60_pen5.config,0.3,21,60,5
521,disease,temperance,configs/temperance_t0.6_tag5_imm10_pen0.config,0.6,5,10,0
522,disease,temperance,configs/temperance_t0.6_tag5_imm10_pen2.config,0.6,5,10,2
523,disease,temperance,configs/temperance_t0.6_tag5_imm10_pen5.config,0.6,5,10,5
524,disease,temperance,configs/temperance_t0.6_tag5_imm35_pen0.config,0.6,5,35,0
525,disease,temperance,configs/temperance_t0.6_tag5_imm35_pen2.config,0.6,5,35,2
526,disease,temperance,configs/temperance_t0.6_tag5_imm35_pen5.config,0.6,5,35,5
527,disease,temperance,configs/temperance_t0.6_tag5_imm60_pen0.config,0.6,5,60,0
528,disease,temperance,configs/temperance_t0.6_tag5_imm60_pen2.config,0.6,5,60,2
529,disease,temperance,configs/temperance_t0.6_tag5_imm60_pen5.config,0.6,5,60,5
530,disease,temperance,configs/temperance_t0.6_tag13_imm10_pen0.config,0.6,13,10,0
531,disease,temperance,configs/temperance_t0.6_tag13_imm10_pen2.config,0.6,13,10,2
532,disease,temperance,configs/temperance_t0.6_tag13_imm10_pen5.config,0.6,13,10,5
533,disease,temperance,configs/temperance_t0.6_tag13_imm35_pen0.config,0.6,13,35,0
534,disease,temperance,configs/temperance_t0.6_tag13_imm35_pen2.config,0.6,13,35,2
535,disease,temperance,configs/temperance_t0.6_tag13_imm35_pen5.config,0.6,13,35,5
536,disease,temperance,configs/temperance_t0.6_tag13_imm60_pen0.config,0.6,13,60,0
537,disease,temperance,configs/temperance_t0.6_tag13_imm60_pen2.config,0.6,13,60,2
538,disease,temperance,configs/temperance_t0.6_tag13_imm60_pen5.config,0.6,13,60,5
539,disease,temperance,configs/temperance_t0.6_tag21_imm10_pen0.config,0.6,21,10,0
540,disease,temperance,configs/temperance_t0.6_tag21_imm10_pen2.config,0.6,21,10,2
541,disease,temperance,configs/temperance_t0.6_tag21_imm10_pen5.config,0.6,21,10,5
542,disease,temperance,configs/temperance_t0.6_tag21_imm35_pen0.config,0.6,21,35,0
543,disease,temperance,configs/temperance_t0.6_tag21_imm35_pen2.config,0.6,21,35,2
544,disease,temperance,configs/temperance_t0.6_tag21_imm35_pen5.config,0.6,21,35,5
545,disease,temperance,configs/temperance_t0.6_tag21_imm60_pen0.config,0.6,21,60,0
546,disease,temperance,configs/temperance_t0.6_tag21_imm60_pen2.config,0.6,21,60,2
547,disease,temperance,configs/temperance_t0.6_tag21_imm60_pen5.config,0.6,21,60,5
548,disease,temperance,configs/temperance_t1.0_tag5_imm10_pen0.config,1.0,5,10,0
549,disease,temperance,configs/temperance_t1.0_tag5_imm10_pen2.config,1.0,5,10,2
550,disease,temperance,configs/temperance_t1.0_tag5_imm10_pen5.config,1.0,5,10,5
551,disease,temperance,configs/temperance_t1.0_tag5_imm35_pen0.config,1.0,5,35,0
552,disease,temperance,configs/temperance_t1.0_tag5_imm35_pen2.config,1.0,5,35,2
553,disease,temperance,configs/temperance_t1.0_tag5_imm35_pen5.config,1.0,5,35,5
554,disease,temperance,configs/temperance_t1.0_tag5_imm60_pen0.config,1.0,5,60,0
555,disease,temperance,configs/temperance_t1.0_tag5_imm60_pen2.config,1.0,5,60,2
556,disease,temperance,configs/temperance_t1.0_tag5_imm60_pen5.config,1.0,5,60,5
557,disease,temperance,configs/temperance_t1.0_tag13_imm10_pen0.config,1.0,13,10,0
558,disease,temperance,configs/temperance_t1.0_tag13_imm10_pen2.config,1.0,13,10,2
559,disease,temperance,configs/temperance_t1.0_tag13_imm10_pen5.config,1.0,13,10,5
560,disease,temperance,configs/temperance_t1.0_tag13_imm35_pen0.config,1.0,13,35,0
561,disease,temperance,configs/temperance_t1.0_tag13_imm35_pen2.config,1.0,13,35,2
562,disease,temperance,configs/temperance_t1.0_tag13_imm35_pen5.config,1.0,13,35,5
563,disease,temperance,configs/temperance_t1.0_tag13_imm60_pen0.config,1.0,13,60,0
564,disease,temperance,configs/temperance_t1.0_tag13_imm60_pen2.config,1.0,13,60,2
565,disease,temperance,configs/temperance_t1.0_tag13_imm60_pen5.config,1.0,13,60,5
566,disease,temperance,configs/temperance_t1.0_tag21_imm10_pen0.config,1.0,21,10,0
567,disease,temperance,configs/temperance_t1.0_tag21_imm10_pen2.config,1.0,21,10,2
568,disease,temperance,configs/temperance_t1.0_tag21_imm10_pen5.config,1.0,21,10,5
569,disease,temperance,configs/temperance_t1.0_tag21_imm35_pen0.config,1.0,21,35,0
570,disease,temperance,configs/temperance_t1.0_tag21_imm35_pen2.config,1.0,21,35,2
571,disease,temperance,configs/temperance_t1.0_tag21_imm35_pen5.config,1.0,21,35,5
572,disease,temperance,configs/temperance_t1.0_tag21_imm60_pen0.config,1.0,21,60,0
573,disease,temperance,configs/temperance_t1.0_tag21_imm60_pen2.config,1.0,21,60,2
574,disease,temperance,configs/temperance_t1.0_tag21_imm60_pen5.config,1.0,21,60,5
575,baseline,temperancePECS,configs/temperancePECS_baseline.config,,,,
576,disease,temperancePECS,configs/temperancePECS_t0.3_tag5_imm10_pen0.config,0.3,5,10,0
577,disease,temperancePECS,configs/temperancePECS_t0.3_tag5_imm10_pen2.config,0.3,5,10,2
578,disease,temperancePECS,configs/temperancePECS_t0.3_tag5_imm10_pen5.config,0.3,5,10,5
579,disease,temperancePECS,configs/temperancePECS_t0.3_tag5_imm35_pen0.config,0.3,5,35,0
580,disease,temperancePECS,configs/temperancePECS_t0.3_tag5_imm35_pen2.config,0.3,5,35,2
581,disease,temperancePECS,configs/temperancePECS_t0.3_tag5_imm35_pen5.config,0.3,5,35,5
582,disease,temperancePECS,configs/temperancePECS_t0.3_tag5_imm60_pen0.config,0.3,5,60,0
583,disease,temperancePECS,configs/temperancePECS_t0.3_tag5_imm60_pen2.config,0.3,5,60,2
584,disease,temperancePECS,configs/temperancePECS_t0.3_tag5_imm60_pen5.config,0.3,5,60,5
585,disease,temperancePECS,configs/temperancePECS_t0.3_tag13_imm10_pen0.config,0.3,13,10,0
586,disease,temperancePECS,configs/temperancePECS_t0.3_tag13_imm10_pen2.config,0.3,13,10,2
587,disease,temperancePECS,configs/temperancePECS_t0.3_tag13_imm10_pen5.config,0.3,13,10,5
588,disease,temperancePECS,configs/temperancePECS_t0.3_tag13_imm35_pen0.config,0.3,13,35,0
589,disease,temperancePECS,configs/temperancePECS_t0.3_tag13_imm35_pen2.config,0.3,13,35,2
590,disease,temperancePECS,configs/temperancePECS_t0.3_tag13_imm35_pen5.config,0.3,13,35,5
591,disease,temperancePECS,configs/temperancePECS_t0.3_tag13_imm60_pen0.config,0.3,13,60,0
592,disease,temperancePECS,configs/temperancePECS_t0.3_tag13_imm60_pen2.config,0.3,13,60,2
593,disease,temperancePECS,configs/temperancePECS_t0.3_tag13_imm60_pen5.config,0.3,13,60,5
594,disease,temperancePECS,configs/temperancePECS_t0.3_tag21_imm10_pen0.config,0.3,21,10,0
595,disease,temperancePECS,configs/temperancePECS_t0.3_tag21_imm10_pen2.config,0.3,21,10,2
596,disease,temperancePECS,configs/temperancePECS_t0.3_tag21_imm10_pen5.config,0.3,21,10,5
597,disease,temperancePECS,configs/temperancePECS_t0.3_tag21_imm35_pen0.config,0.3,21,35,0
598,disease,temperancePECS,configs/temperancePECS_t0.3_tag21_imm35_pen2.config,0.3,21,35,2
599,disease,temperancePECS,configs/temperancePECS_t0.3_tag21_imm35_pen5.config,0.3,21,35,5
600,disease,temperancePECS,configs/temperancePECS_t0.3_tag21_imm60_pen0.config,0.3,21,60,0
601,disease,temperancePECS,configs/temperancePECS_t0.3_tag21_imm60_pen2.config,0.3,21,60,2
602,disease,temperancePECS,configs/temperancePECS_t0.3_tag21_imm60_pen5.config,0.3,21,60,5
603,disease,temperancePECS,configs/temperancePECS_t0.6_tag5_imm10_pen0.config,0.6,5,10,0
604,disease,temperancePECS,configs/temperancePECS_t0.6_tag5_imm10_pen2.config,0.6,5,10,2
605,disease,temperancePECS,configs/temperancePECS_t0.6_tag5_imm10_pen5.config,0.6,5,10,5
606,disease,temperancePECS,configs/temperancePECS_t0.6_tag5_imm35_pen0.config,0.6,5,35,0
607,disease,temperancePECS,configs/temperancePECS_t0.6_tag5_imm35_pen2.config,0.6,5,35,2
608,disease,temperancePECS,configs/temperancePECS_t0.6_tag5_imm35_pen5.config,0.6,5,35,5
609,disease,temperancePECS,configs/temperancePECS_t0.6_tag5_imm60_pen0.config,0.6,5,60,0
610,disease,temperancePECS,configs/temperancePECS_t0.6_tag5_imm60_pen2.config,0.6,5,60,2
611,disease,temperancePECS,configs/temperancePECS_t0.6_tag5_imm60_pen5.config,0.6,5,60,5
612,disease,temperancePECS,configs/temperancePECS_t0.6_tag13_imm10_pen0.config,0.6,13,10,0
613,disease,temperancePECS,configs/temperancePECS_t0.6_tag13_imm10_pen2.config,0.6,13,10,2
614,disease,temperancePECS,configs/temperancePECS_t0.6_tag13_imm10_pen5.config,0.6,13,10,5
615,disease,temperancePECS,configs/temperancePECS_t0.6_tag13_imm35_pen0.config,0.6,13,35,0
616,disease,temperancePECS,configs/temperancePECS_t0.6_tag13_imm35_pen2.config,0.6,13,35,2
617,disease,temperancePECS,configs/temperancePECS_t0.6_tag13_imm35_pen5.config,0.6,13,35,5
618,disease,temperancePECS,configs/temperancePECS_t0.6_tag13_imm60_pen0.config,0.6,13,60,0
619,disease,temperancePECS,configs/temperancePECS_t0.6_tag13_imm60_pen2.config,0.6,13,60,2
620,disease,temperancePECS,configs/temperancePECS_t0.6_tag13_imm60_pen5.config,0.6,13,60,5
621,disease,temperancePECS,configs/temperancePECS_t0.6_tag21_imm10_pen0.config,0.6,21,10,0
622,disease,temperancePECS,configs/temperancePECS_t0.6_tag21_imm10_pen2.config,0.6,21,10,2
623,disease,temperancePECS,configs/temperancePECS_t0.6_tag21_imm10_pen5.config,0.6,21,10,5
624,disease,temperancePECS,configs/temperancePECS_t0.6_tag21_imm35_pen0.config,0.6,21,35,0
625,disease,temperancePECS,configs/temperancePECS_t0.6_tag21_imm35_pen2.config,0.6,21,35,2
626,disease,temperancePECS,configs/temperancePECS_t0.6_tag21_imm35_pen5.config,0.6,21,35,5
627,disease,temperancePECS,configs/temperancePECS_t0.6_tag21_imm60_pen0.config,0.6,21,60,0
628,disease,temperancePECS,configs/temperancePECS_t0.6_tag21_imm60_pen2.config,0.6,21,60,2
629,disease,temperancePECS,configs/temperancePECS_t0.6_tag21_imm60_pen5.config,0.6,21,60,5
630,disease,temperancePECS,configs/temperancePECS_t1.0_tag5_imm10_pen0.config,1.0,5,10,0
631,disease,temperancePECS,configs/temperancePECS_t1.0_tag5_imm10_pen2.config,1.0,5,10,2
632,disease,temperancePECS,configs/temperancePECS_t1.0_tag5_imm10_pen5.config,1.0,5,10,5
633,disease,temperancePECS,configs/temperancePECS_t1.0_tag5_imm35_pen0.config,1.0,5,35,0
634,disease,temperancePECS,configs/temperancePECS_t1.0_tag5_imm35_pen2.config,1.0,5,35,2
635,disease,temperancePECS,configs/temperancePECS_t1.0_tag5_imm35_pen5.config,1.0,5,35,5
636,disease,temperancePECS,configs/temperancePECS_t1.0_tag5_imm60_pen0.config,1.0,5,60,0
637,disease,temperancePECS,configs/temperancePECS_t1.0_tag5_imm60_pen2.config,1.0,5,60,2
638,disease,temperancePECS,configs/temperancePECS_t1.0_tag5_imm60_pen5.config,1.0,5,60,5
639,disease,temperancePECS,configs/temperancePECS_t1.0_tag13_imm10_pen0.config,1.0,13,10,0
640,disease,temperancePECS,configs/temperancePECS_t1.0_tag13_imm10_pen2.config,1.0,13,10,2
641,disease,temperancePECS,configs/temperancePECS_t1.0_tag13_imm10_pen5.config,1.0,13,10,5
642,disease,temperancePECS,configs/temperancePECS_t1.0_tag13_imm35_pen0.config,1.0,13,35,0
643,disease,temperancePECS,configs/temperancePECS_t1.0_tag13_imm35_pen2.config,1.0,13,35,2
644,disease,temperancePECS,configs/temperancePECS_t1.0_tag13_imm35_pen5.config,1.0,13,35,5
645,disease,temperancePECS,configs/temperancePECS_t1.0_tag13_imm60_pen0.config,1.0,13,60,0
646,disease,temperancePECS,configs/temperancePECS_t1.0_tag13_imm60_pen2.config,1.0,13,60,2
647,disease,temperancePECS,configs/temperancePECS_t1.0_tag13_imm60_pen5.config,1.0,13,60,5
648,disease,temperancePECS,configs/temperancePECS_t1.0_tag21_imm10_pen0.config,1.0,21,10,0
649,disease,temperancePECS,configs/temperancePECS_t1.0_tag21_imm10_pen2.config,1.0,21,10,2
650,disease,temperancePECS,configs/temperancePECS_t1.0_tag21_imm10_pen5.config,1.0,21,10,5
651,disease,temperancePECS,configs/temperancePECS_t1.0_tag21_imm35_pen0.config,1.0,21,35,0
652,disease,temperancePECS,configs/temperancePECS_t1.0_tag21_imm35_pen2.config,1.0,21,35,2
653,disease,temperancePECS,configs/temperancePECS_t1.0_tag21_imm35_pen5.config,1.0,21,35,5
654,disease,temperancePECS,configs/temperancePECS_t1.0_tag21_imm60_pen0.config,1.0,21,60,0
655,disease,temperancePECS,configs/temperancePECS_t1.0_tag21_imm60_pen2.config,1.0,21,60,2
656,disease,temperancePECS,configs/temperancePECS_t1.0_tag21_imm60_pen5.config,1.0,21,60,5
